Model,MAE,MSE,R2 Score
Linear Regression,6.629040978331879,82.51749845948063,0.6218296534864491
Ridge Regression,6.628453067638472,82.52918693788557,0.6217760862308837
Lasso Regression,6.593196182653124,85.5318877700552,0.6080149757345965
Decision Tree,2.5951121693649,28.61999868709142,0.8688370948856458
Random Forest,1.9949116205221702,15.531652942881495,0.9288198177963201
Gradient Boosting,2.133566727448282,15.052626356641188,0.9310151539794287
