Fund Name,P1,P2,P3,P4,P5,Topsis Score,Rank
M1,0.95,0.9,6.8,39.6,12.06,0.5724186763525262,2
M2,0.92,0.85,3.2,50.8,13.94,0.5116169321300104,3
M3,0.64,0.41,6.4,48.0,13.86,0.4507500576274875,5
M4,0.61,0.37,6.7,70.0,19.42,0.6132441996609777,1
M5,0.9,0.81,4.1,31.0,9.2,0.3692404071008149,7
M6,0.95,0.9,4.9,36.3,10.76,0.4728417390403164,4
M7,0.85,0.72,4.8,36.8,10.79,0.3891024273306489,6
M8,0.66,0.44,3.0,43.9,12.0,0.2203745048304758,8
